rank,sequence,koff_pred,koff_std,log10_koff,delta_log_koff,residence_time_s,in_target_range
1,NLCEESPPTIPNATGTSDRYLPGTRLLCNCAPGYRVAKGGSLFMLCVGEDGNCTWSKTCSCVPAXXXXXXXXXXXXXXXXXXXXXXXXXXXXXXXXXXXGPGYCPRPPPFPHEAPERTYFYPVGQVVTYSCLPGYTATVSGPTTSTCVKTEGKTSWTTPQLTCTK,0.00011418207323267182,3.3982599234947343e-11,-3.9424020756634164,1.0575979243365836,8757.942220599494,False
2,ELCDDDPPEIPHATFKAMAYKEGTMLNCECKRGFRRIKSGSLYMLCTGSSSHSSWDNQCQCTSSXXXXXXXXXXXXXXXXXXXXXXXXXXXXXXXXXXXLPGHCREPPPWENEATERIYHFVVGQMVYYQCVQGYRALHRGPAESVCKMTHGKTRWTQPQLICTG,0.0001335372591250095,1.7994428496246847e-11,-3.8743975419792767,1.1256024580207233,7488.546691405884,False
3,NWCSESPPTIPNATGYSKKYKPGTLLLCNCAPGYVPAPGGSLFEKCDCSSGNCTWTAKCSCIPAXXXXXXXXXXXXXXXXXXXXXXXXXXXXXXXXXXXSPGYCPEPPPYPNEAEKRTYFYVVGQKVYYSCKPGYTATVNGPTYSVCQKSDGKTYWTTPQITCTK,0.0004685656322906643,6.54094415511011e-11,-3.3292295686069218,1.6707704313930782,2134.1727414179454,False
4,NWCSEGPPVIPNATWKSDRYLPGTLLLCRCAPGYRRKRGGHLFMECTCEDGNCRWTHTCECEPAXXXXXXXXXXXXXXXXXXXXXXXXXXXXXXXXXXXSPGYCPEPPPWPHEAEERIYLYPVGQVVTYSCKPGYTETVSGPTTSTCVSNEGTTSWTTPQITCTK,0.0005718007379602345,1.2403745662593434e-10,-3.2427552884816135,1.7572447115183865,1748.8609818295554,False
5,NWCSDGPPVIPNATCYSKKYLPGTLLLCRCAPGYRRKRGGSLFMLCDGSDGNCKWTSTCECEPAXXXXXXXXXXXXXXXXXXXXXXXXXXXXXXXXXXXSPGYCEEPPRYPNEAEKRTYFYPVGQKCYYSCLPGYTEIVSGPTYSECVSNDGTTSWTTPQLTCVK,0.0005810401676915109,8.838793253145879e-11,-3.2357938435067752,1.7642061564932248,1721.0514102201032,False
6,NWCSESPPVIPNATCYAKKYKPGTLLLCDCAPGYRPAPGGHLFMKCDCSNGNCTWTHTCSCVPAXXXXXXXXXXXXXXXXXXXXXXXXXXXXXXXXXXXSSGYCPEPPPFPHEAEKRTYFFVVGQKVYYSCLPGYTAIVNGPTYSVCKKSDGKTYWTQPQITCVK,0.0005848276889586224,8.61528478482248e-11,-3.2329720736745697,1.7670279263254303,1709.9053599542408,False
7,NWCSDGPPTIPNATWTSEKYLPGTLLLCDCAPGYRRAPGGSLFMKCECSDGNCYWSSTCKCVPKXXXXXXXXXXXXXXXXXXXXXXXXXXXXXXXXXXXSPGYCPEPPPYENEAPERTYLYPVGQTLYYSCKPGYTATVNGPTYSVCVENEGTTYWTTPQITCTK,0.0006029815691146517,1.6163673227033844e-10,-3.2196959624106527,1.7803040375893473,1658.425483001552,False
8,NLCSGSPPTIPNATGTSTKYKPGTLLLCNCAPGYRRKRGGNLFMECVCEDGNCYWSHTCECEPKXXXXXXXXXXXXXXXXXXXXXXXXXXXXXXXXXXXSKGYCEKPPPFPHEAPERTYFYPVGQVVTYSCNSGYTANVSGPTTSTCVSGPGTTSWTTPQITCTA,0.000641817204736026,8.779471694815783e-11,-3.1925886452620627,1.8074113547379373,1558.0760263528484,False
9,NLCSGSPPTIPNATGYAKRYKPGTLLLCNCAPGYRRKRGGNLFMKCTCEDGNCTWSHTCECEPKXXXXXXXXXXXXXXXXXXXXXXXXXXXXXXXXXXXSSGYCPEPPPYPHEAPERIYFYPVGQEVYYSCKPGYTPIVSGPTYSVCLKNDGTTYWTTPKITCVK,0.000642830364453347,2.156040490468027e-10,-3.1919036172803805,1.8080963827196195,1555.6203553800458,False
10,NLCSSGPPTIPNATGTSERYLPGTLMLCNCAPGYRRVRGGSLFMKCTCEDGNCTWSSTCACEPKXXXXXXXXXXXXXXXXXXXXXXXXXXXXXXXXXXXSSGYCEEPPPFPHEAPERTYFYPVGQVVTYSCLPGYTASVSGPTSSTCVSTSGSTSWTTPSITCTA,0.0006536768498879667,9.94374374061338e-11,-3.1846368953980733,1.8153631046019267,1529.80788622297,False
11,NLCSGGPPVIPNATWTSKKYLPGTLLLCLCAPGYRRAPGGSLFMLCTCEDGNCTWSHTCKCIPKXXXXXXXXXXXXXXXXXXXXXXXXXXXXXXXXXXXSPGYCEEPPPYENEAKERVYFYPVGQKVYYSCLPGYTAVVSGPTYSECVRTDGTTSWTTPQITCVP,0.0006673722862252674,1.134493723418863e-10,-3.1756318321273485,1.8243681678726515,1498.4140346254296,False
12,DWCSEGPPVIPNATGTSPRYKPGTLLLCNCAPGYRRARGGSLYELCTCEDGNCTWSRTCSCVPAXXXXXXXXXXXXXXXXXXXXXXXXXXXXXXXXXXXAPGYCPAPPPWPHEAPERTYFYPVGQTVYYSCLPGYTASVSGPTYSVCQRSDGETYWTTPQITCTK,0.0006728837066626727,1.459648056370182e-10,-3.1720599876613518,1.8279400123386482,1486.1409038416737,False
13,NLCSEGPPVIPNATGYSKKYLPGTLLLCDCAPGYRPAPGGSLFELCTCEDGNCRWSATCSCVPAXXXXXXXXXXXXXXXXXXXXXXXXXXXXXXXXXXXSPGYCEEPPPYPHEAPERTYFYPVGQEVYYSCLPGYTALVSGPTYSKCLKSEGKTYWTQPQITCVK,0.0006785804133435542,6.386456955510705e-11,-3.1683986800572095,1.8316013199427905,1473.6646981493648,False
14,NLCSDSPPTIPNATGYAKRYKPGTLLLCNCAPGYRRARGGNLFMKCTCEDGNCTWSATCACEPAXXXXXXXXXXXXXXXXXXXXXXXXXXXXXXXXXXXSSGYCEEPPPWPHEAPERTYFYPVGQVVYYSCLPGYTESVSGPTYSVCERSSGTTSWTTPQITCTP,0.0006961312934528755,1.7579886825133872e-10,-3.1573088427965628,1.8426911572034372,1436.510625804376,False
15,NWCSGSPPTIPNATGYSERYLPGTLLLCRCAPGYRRVRGGHLFMLCDCSDGNCTWSHTCACEPAXXXXXXXXXXXXXXXXXXXXXXXXXXXXXXXXXXXSPGYCEEPPPYPNEAPEREYIYPVGQKVYYSCLPGYTAHVSGPTYSVCVKNDGTTSWTTPQITCTK,0.0007383832933337377,1.4410357627955408e-10,-3.131718138221379,1.868281861778621,1354.310165232863,False
16,NWCSSGPPTIPNATGTAPRYLPGTLLLCDCAPGYRRKRGGVLFELCDCSDGNCTWTHTCSCEPKXXXXXXXXXXXXXXXXXXXXXXXXXXXXXXXXXXXSPGYCEAPPPFPHEAPERTYFYPVGQKVYYSCLPGYTATVSGPTYSECVRTSGTTSWTTPQITCTK,0.0007450692552956879,1.273832374588048e-10,-3.1278033570572688,1.8721966429427312,1342.1571120971034,False
17,NLCSSSPPTIPNATGTSPRYLPGTLLLCNCAPGYRRERGGSLFMLCDCSDGNCTWTSTCSCVPKXXXXXXXXXXXXXXXXXXXXXXXXXXXXXXXXXXXGPGYCPEPPPYPHEAKERTYLYVVGQTVTYSCLPGYTAIVSGPTSSTCVETEGTTSWTTPQLTCVK,0.0007495268722132682,1.5394421439474776e-10,-3.125212792108923,1.8747872078910768,1334.1749803407488,False
18,DLCSDGPPTIPNATGYADKYKPGTLLLCDCAPGYRRKRGGSLFMLCTGEDGNCTWSKTCECEPKXXXXXXXXXXXXXXXXXXXXXXXXXXXXXXXXXXXSPGYCEEPPPFPNEAEKRTYFYVVGQTVYYSCLPGYTPIISGPTYSVCKKTAGTTYWTKPQLTCVK,0.000774797791243831,2.313129727944743e-10,-3.110811626016922,1.8891883739830782,1290.6593324106382,False
19,NLCSESPPVIPNATCYAPRYLPGTLLLCDCAPGYRPVRGGNLFELCVCDDGNCTWSHTCACEPAXXXXXXXXXXXXXXXXXXXXXXXXXXXXXXXXXXXSPGYCEEPPPYPHEAPERTYLFPVGQKCYYSCLPGYTEHVSGPTYSVCVEGPGTTYWTEPQITCTP,0.0007859567737887396,1.775672218465444e-10,-3.1046013387204554,1.8953986612795446,1272.334603313431,False
20,NLCSSSPPVIPNATCTSPRYLPGTLLLCDCAPGYRRAPGGSLFELCTGEDGNCRWSATCSCVPAXXXXXXXXXXXXXXXXXXXXXXXXXXXXXXXXXXXSPGFCEEPPPFEHEAPERTYLYPVGQVCTYSCLPGYTALVSGPTTSTCVSTDGSTSWTTPQLTCVK,0.0007961334537651241,1.7188603650136254e-10,-3.0990141265138162,1.9009858734861838,1256.0708198741524,False
21,NWCSGSPPTIPNATCTASRYLPGTLLLCDCAPGYRRKRGGNLFMLCECSDGNCYWSHTCECEPKXXXXXXXXXXXXXXXXXXXXXXXXXXXXXXXXXXXSSGYCPEPPPWPHEAPERTYIYPVGQVCTYSCKSGYTASVSGPTTSTCVSTSGTTSWTTPSLTCTP,0.000809680900350133,1.1556770321861252e-10,-3.091686105222249,1.9083138947777512,1235.0544511641149,False
22,SLCSSGPPTVPHATWTSKRYLPGTLLLCNCAPGYRRKRGGHLFELCTCEDGNCTWSHTCECEPKXXXXXXXXXXXXXXXXXXXXXXXXXXXXXXXXXXXSPGYCPEPPPFPNEAETRTYFYPVGQTVYYSCLPGYTALVSGPTYSVCVSAPGTTYWTTPQITCVP,0.0008307278159100908,1.3428528646647593e-10,-3.0805412474690206,1.9194587525309794,1203.763712792578,False
23,NWCSGSPPTIPNATGYSKKYLPGTLRLCDCAPGYRPKRGGVLFEKCVCEDGNCTWSNTCECEPKXXXXXXXXXXXXXXXXXXXXXXXXXXXXXXXXXXXSPGYCPEPPPFPHEAPERTYFYPVGQTVYYSCNPGYTETVSGPTYSVCVSTDGKTSWTTPQITCTK,0.0008435261340489668,1.319496842173035e-10,-3.073901457594792,1.926098542405208,1185.4997250647718,False
24,NWCSESPPTIPNATCTASRYLPGTLLLCNCAPGYRPVRGGSLFELCTCEDGNCTWSATCACEPAXXXXXXXXXXXXXXXXXXXXXXXXXXXXXXXXXXXSSGYCEAPPPFPHEAPERTYFYPVGQVVTYSCLPGYTAHVSGPTTSTCVKNDGTTYWTTPQITCTK,0.0008436528736163194,9.09645374763352e-11,-3.0738362098711143,1.9261637901288857,1185.3216308189626,False
25,NWCSSGPPTIPNATGYSPRYLPGTLLLCDCAPGYRPKRGGVLFELCTCSNGNCTWSHTCECEPEXXXXXXXXXXXXXXXXXXXXXXXXXXXXXXXXXXXSSGYCSEPPPWPNEAEKRTYFYPVGQTVYYSCLPGYTEIKSGPTYSVCKRSNGTTYWTEPKITCVK,0.000846883983106717,2.392793540178908e-10,-3.072176080752675,1.927823919247325,1180.799282956788,False
26,SWCSDGPPTVPNATWTSPRYLPGTLLLCDCAPGYRRKRGGSLYMLCTCSDGNCTWSSTCECEPAXXXXXXXXXXXXXXXXXXXXXXXXXXXXXXXXXXXSPGYCPEPPPFPHEAPERTYFYPVGQVVTYSCLPGYTATVSGPTTSTCLSSEGKTYWTTPQITCTA,0.0008555961757440938,2.0151221354521812e-10,-3.0677311652610393,1.9322688347389607,1168.775677533062,False
27,NWCSSGPPTIPNATWTSPRYLPGTLLLCLCAPGYRRKRGGHLFELCDGSDGNCTWSHSCECEPAXXXXXXXXXXXXXXXXXXXXXXXXXXXXXXXXXXXSPGYCPEPPPYPHEAPERVYFYPVGQTVYYSCLPGYTETVSGPTYSVCVQTEGKTSWTTPQITCTK,0.0008713267396433821,2.7566328882943984e-10,-3.0598189579487363,1.9401810420512637,1147.6750964962714,False
28,SLCSEGPPVIPNATCTSERYLPGTLLLCDCAPGYRRARGGHLFMECTGEDGNCTWSHTCSCEPKXXXXXXXXXXXXXXXXXXXXXXXXXXXXXXXXXXXSPGYCPEPPPYPHEAPERTYFYPVGQKCYYSCLPGYTAIVNGPTYSVCVQTEGKTSWTTPQITCVK,0.0008802386248037844,1.8431542855156138e-10,-3.055399578546182,1.944600421453818,1136.0555783642326,False
29,NWCSGGPPTIPNATGTATRYLPGTLLLCKCAPGYRPKRGGHLFELCTCSDGNCTWSHTCECVPKXXXXXXXXXXXXXXXXXXXXXXXXXXXXXXXXXXXSSGYCEEPPPYPNEAPERTYIYPVGQVVTYSCNSGYTANVNGPTTSTCVSTSGTTSWTTPQITCTK,0.0008836730620435817,1.9415498098678886e-10,-3.0537083838705525,1.9462916161294475,1131.6402445123774,False
30,NWCEGGPPVIPNATGTSPRYLPGTKLLCNCAPGYRRKRGGSLFMLCTCEDGNCTWSKTCECEPKXXXXXXXXXXXXXXXXXXXXXXXXXXXXXXXXXXXSPGYCPEPPPFPHEAPERTYFYVVGQVVTYSCLPGYTATVSGPTTSTCVRTEGKTSWTTPQLTCTK,0.0008845198858780238,9.353668282218648e-11,-3.0532923987859015,1.9467076012140985,1130.5568319782253,False
31,NLCSGSPPTIPNATWYSRRYLPGTLLLCNCAPGYRPKPGGHLFELCTGEDGNPRWSHRCACVPAXXXXXXXXXXXXXXXXXXXXXXXXXXXXXXXXXXXSPGYCEEPPPFPHEAPERTYFYVVGQVVYYSCLPGYTAIVSGPTYSVCVQNDGTTSWTTPQITCVK,0.0009108905763731449,2.0467382525152446e-10,-3.040533790899218,1.959466209100782,1097.826704917355,False
32,NLCSSGPPVIPNATGTASRYLPGTLLLCDCAPGYRRKRGGHLFMKCTCEDGNCTWSHTCECEPAXXXXXXXXXXXXXXXXXXXXXXXXXXXXXXXXXXXSSGYCEAPPEYPHPAPERTYFYPVGQVVTYSCNPGYTATVSGPTTSTCVKNEGTTYWTTPQITCTA,0.0009305540470461117,2.1474735152037877e-10,-3.0312583977591854,1.9687416022408146,1074.6286077357172,False
33,DWCTEGPPVIPNATGTSRRYLPGTLLLCDCAPGYRPKRGGSLFMRCTCDDGNCTWSATCECEPAXXXXXXXXXXXXXXXXXXXXXXXXXXXXXXXXXXXGPGYCSEPAPWPHEAPTRTYFYPVGQVVYYSCLPGYTALVSGPTSSTCLRSEGTTYWTTPQITCVP,0.0009362183373684713,2.149286424430307e-10,-3.0286228567570204,1.9713771432429796,1068.1269102363522,False
34,DWCKDGPPVIPNATGYAKRYLPGTLLLCNCAPGYRRKPGGHLFELCTGEDGNCTWSHTCECVPKXXXXXXXXXXXXXXXXXXXXXXXXXXXXXXXXXXXSPGYCEEPPPWPHEAPERTYFYPVGQKVYYSCLPGYKEIKNGPTYSVCKKTDGETYWTTPQITCVK,0.00094183188369694,1.8165890963594778e-10,-3.0260266115368912,1.9739733884631088,1061.7606149355813,False
35,SLCSGSPPTVPNATGTAERYLPGTLLLCRCAPGYRRVRGGHLFMLCTGENGNCTWSHSCKCEPAXXXXXXXXXXXXXXXXXXXXXXXXXXXXXXXXXXXSPGYCEEPPPYENEAEERTYFYVVGQTVTYSCLPGYTASVSGPTTSVCVSSSGTTSWTTPQITCTA,0.0009434229879055975,9.97655996159869e-11,-3.0252935457297925,1.9747064542702075,1059.9699316422252,False
36,NLCSSSPPVIPNATGYSKRYLPGTLLLCDCAPGYRPAPGGSLYMECTGEDGNPTWSHTCSCIPKXXXXXXXXXXXXXXXXXXXXXXXXXXXXXXXXXXXSSGYCEEPPPYEHEAKERTYFYVVGQVVYYSCNPGYTATVSGPTYSVCVSTDGETSWTTPQITCTK,0.0009458453737259652,1.4795510576829813e-10,-3.024179856015085,1.9758201439849148,1057.255263680895,False
37,NLCSGGPPTIPNATGTSDKYLPGTLLLCNCAPGYRPARGGSLFELCTCEDGNCTWSNTCSCEPAXXXXXXXXXXXXXXXXXXXXXXXXXXXXXXXXXXXSSGYCEAPPRWPNEAEERIYLYPVGQVVTYSCKPGYTAIVSGPTTSTCVSSSGTTYWTTPQITCVK,0.0009470867116632495,1.9452073727547265e-10,-3.0236102568226153,1.9763897431773847,1055.8695288246897,False
38,NWCSGGPPTIPNATGTAERYLPGTLMLCDCAPGYRRAPGGSLFMLCTCEDGNCTWSHTCSCIPKXXXXXXXXXXXXXXXXXXXXXXXXXXXXXXXXXXXSPGYCEAPPPYEHEAPTRTYFYPVGQVVTYSCLPGYTATVSGPTTSVCVETSGTTSWTTPQITCTP,0.0009549304595810339,1.6693214093140256e-10,-3.0200282536726477,1.9799717463273523,1047.196672770015,False
39,NLCSGGPPVVPNATGYSPKYKLGTLLLCDCAPGYRPKPGGSLFMKCTGEDGNPTWSASCECVPEXXXXXXXXXXXXXXXXXXXXXXXXXXXXXXXXXXXSPGYCEEPPPYPHPAEERTYFYPVGQTVYYSCLPGYTAIVNGPTYSTCVSSSGTTSWTTPQITCVA,0.0009552682370931857,1.5441696595876046e-10,-3.0198746624138715,1.9801253375861285,1046.8263898765545,False
40,NLCSSGPPTIPNATGTSPRYLPGTLLLCRCAPGYRPRRGGHLFMECTGEDGNPTWSHTCECEPAXXXXXXXXXXXXXXXXXXXXXXXXXXXXXXXXXXXSPGYCEEPPPFENEAEERVYFYPVGQKVYYSCLPGYTATVSGPTYSECVENEGTTSWTTPQITCTA,0.0009579061688846568,1.8058811394450102e-10,-3.0186770298895103,1.9813229701104897,1043.9435849592194,False
41,NLCSDGPPTIPNATCTSSRYLPGTLLLCDCAPGYRRAPGGHLFELCDGSDGNCTWTHTCKCVPKXXXXXXXXXXXXXXXXXXXXXXXXXXXXXXXXXXXSSGYCPEPPPFEHEAEKRTYIYPVGQVCTYSCLPGYTETKSGPTTSTCVSTEGKTSWTTPQLTCTK,0.0009782916765197333,1.6079663189223824e-10,-3.009531641513661,1.9904683584863392,1022.1900318701412,False
42,NLCSGGPPTIPNATGTAERYLPGTLLLCDCAPGYRPKRGGVLFELCTCEDGNCRWSHTCACEPKXXXXXXXXXXXXXXXXXXXXXXXXXXXXXXXXXXXAPGYCPEPPPWPHEAPTRTYFFPVGQTVYYSCNPGYTAIVNGPTYSVCVSNSGTTSWTTPQITCVK,0.000989408335665196,1.85068618132974e-10,-3.004624435069323,1.995375564930677,1010.7050486164371,False
43,NWCAGGPPVIPNATGYAERYLPGTLLLCNCAPGYRRKRGGVLFMKCVGSDGNCYWSHSCSCEPKXXXXXXXXXXXXXXXXXXXXXXXXXXXXXXXXXXXSPGYCPEPPPFPHEAKKRTYFYPVGQVVYYRCLPGFTELVSGPTYSVCERTEGKTSWTTPQITCVP,0.0009925770808137527,2.2618528119008278e-10,-3.0032357571369164,1.9967642428630836,1007.4784309750147,False
44,NWCSSSPPTIPNATCTAPRYPLGTRLLCNCAPGYRPKRGGNLFMLCTGEDGNPTWSHTCACEPAXXXXXXXXXXXXXXXXXXXXXXXXXXXXXXXXXXXSPGYCPEPPPFPHEAEKREYFYVVGQTCYYSCLPGYTASVSGPTYSVCVETEGTTSWTTPQITCTK,0.0010043916061989403,2.717174187905155e-10,-2.99809692538635,2.00190307461365,995.6275956789801,False
45,NLCSGTPPTIPNATWTAPRYLPGTLLLCNCKPGYRRKLGGHLFELCECSDGNCHWSHTCECEPKXXXXXXXXXXXXXXXXXXXXXXXXXXXXXXXXXXXSPGYCPEPPPWPNEAPERTYLFPVGQVVYYSCLPGYTAHVSGPTSSTCVSSSGTTSWTTPQLTCTP,0.001031228168752157,2.226432287414718e-10,-2.986645232421005,2.013354767578995,969.7174983205272,False
46,NLCSGGPPTIPNATGTSERYLPGTLLLCNCAPGYRRVRGGHLFEECVGEDGNPRWSHTCACEPKXXXXXXXXXXXXXXXXXXXXXXXXXXXXXXXXXXXSPGYCPEPPPFPHEAEERTYFYPVGQVVTYSCLPGYTEIKSGPTTSTCLSASGTTYWTTPQITCVK,0.0010342613100609627,2.006704447698783e-10,-2.9853697212226757,2.0146302787773243,966.8736423496852,False
47,NWCSSGPPTIPNATGTSSRYLPGTLLLCNCAPGYRRAPGGSLFELCVGDDGNCTWSSSCSCVPAXXXXXXXXXXXXXXXXXXXXXXXXXXXXXXXXXXXSPGYCEEPPPFEHEAPERIYFYPVGQVVTYSCNPGYTATVSGPTTSTCVSSSGTTSWTTPQITCTK,0.0010514090262686256,2.5228245518943124e-10,-2.9782282989156252,2.0217717010843748,951.1046367453469,False
48,DLCSGGPPTIPNATWTAKRFLPGTLLLCDCAPGYRPKRGGHLFMECTGEDGNPTWSHTCECEPAXXXXXXXXXXXXXXXXXXXXXXXXXXXXXXXXXXXSPGYCEEPPEYPHPAPERTYFFPVGQVVYYSCLPGYTAIVSGPTYSVCQRTDGTTSWTTPQITCVA,0.0010575701582545903,1.1985381386863472e-10,-2.975690812291311,2.024309187708689,945.5637455300329,False
49,NWCSGSPPTIPNATCTSPRYLPGTRLLCLCAPGYRRKRGGSLFMLCTGEDGNPTWSATCECEPKXXXXXXXXXXXXXXXXXXXXXXXXXXXXXXXXXXXSPGYCPEPPPYPNEAEERVYFYPVGQRCYYSCLPGYTAIVSGPTYSVCVENDGTTYWTTPQITCVP,0.00105801073545254,1.7425561957350734e-10,-2.975509925567237,2.024490074432763,945.1699935466843,False
50,NLCSSGPPVIPNATGTSSRYLPGTLLLCNCAPGYRPKRGGSLFELCDGSSGNCTWTHKCECEPKXXXXXXXXXXXXXXXXXXXXXXXXXXXXXXXXXXXGPGYCPEPPPWEHEAEERTYFYPVGQTVTYSCLPGYTATVSGPTTSVCVSTSGTTSWTTPQITCTP,0.0010612173064639186,2.7556664335360164e-10,-2.974195676103491,2.025804323896509,942.3140707458864,False
51,DWCSDGPPTIPNATGHADRYLPGTLLLCDCAPGYRRKRGGNLFMLCTCEDGNCTWSHTCECEPAXXXXXXXXXXXXXXXXXXXXXXXXXXXXXXXXXXXSPGYCPEPPPYPHEAPERTYLFPVGQTVTYSCLPGYTALVSGPTTSVCERTDGTTSWTTPQITCVA,0.0010858344542448752,2.801009165590938e-10,-2.9642363820107613,2.0357636179892387,920.9506993360537,False
52,NWCSTGPPTVPNATGYSEKYLPGTLLLCDCAEGYRPKPGGTLFMLCECSDGNCYWSHTCECVPKXXXXXXXXXXXXXXXXXXXXXXXXXXXXXXXXXXXSPGYCPEPPPFPHEAKERKYIYPVGQVVTYSCLPGYTAIVSGPTTSTCVRTDGKTSWTTPQITCVA,0.0010872557629070234,2.757613905890676e-10,-2.963668281715432,2.036331718284568,919.7467919841367,False
53,NWCSDGPPVIPNATGTAERYLPGTLLLCRCAPGYRRAPGGSLFELCDGSDGNCRWTHTCSCIPKXXXXXXXXXXXXXXXXXXXXXXXXXXXXXXXXXXXSPGYCPEPPPYPHEAPERIYFYPVGQVVHYACLPGYTALVSGPTYSVCQSSEGKTYWTTPQLTCVP,0.0010933841701528378,1.647264687117031e-10,-2.9612272180473864,2.0387727819526136,914.5916204916483,False
54,NLCSSGPPVVPNATWTSDRYLPGTLLLCDCAPGYRPKRGGHLFMKCEGSDGNCYWSHTCECEPKXXXXXXXXXXXXXXXXXXXXXXXXXXXXXXXXXXXGPGYCPAPPPYPHEAPTRTYLYPVGQVVTYSCLPGYTELVSGPTTSTCVSTEGTTSWTTPQLTCVA,0.0011008507730741815,2.592752075735003e-10,-2.958271548260602,2.041728451739398,908.3883342402979,False
55,DLCSDGPPVIPNATGYSKKYLPGTLLLCNCAPGYRRAPGGHLFELCTCEDGNCTWSHTCSCVPKXXXXXXXXXXXXXXXXXXXXXXXXXXXXXXXXXXXSPGYCPEPPPFPHEAKERTYFYPVGQVVYYSCLPGYTATVNGPTYSVCQSSDGTTYWTQPQITCTK,0.0011312029854611359,2.4854066913219287e-10,-2.9464594573594227,2.0535405426405773,884.0146400359341,False
56,NFCSEGPPVIPNATGYSKRYLPGTLLLCRCAPGYRPKPGGNLFMECTGEDGNCTWSHTCECVPKXXXXXXXXXXXXXXXXXXXXXXXXXXXXXXXXXXXSPGYCEEPPPYPHEAEKKEYIYPVGQVVYYSCLPGYTAHVSGPTYSVCVKSSGTTSWTTPQLTCTK,0.0011411710569949253,2.0235949842798456e-10,-2.9426492516896836,2.0573507483103164,876.2928168133928,False
57,SWCSESPPVIPNATCYAKRYLPGTLLLCNCAPGYRPAPGGNLFMLCDCSDGNCRWTHTCACVPAXXXXXXXXXXXXXXXXXXXXXXXXXXXXXXXXXXXSPGYCEAPPPFPHEAPERVYFFPVGQVCYYSCLPGYTELVSGPTYSVCLSSSGTTSWTTPQITCVK,0.0011455758779599224,2.118930810531551e-10,-2.9409761397457106,2.0590238602542894,872.9234084265387,False
58,NLCSSSPPTIPNATGTAERYLPGTLLLCDCAPGYRPAPGGSLFELCDGSDGNPTWTHTCSCVPAXXXXXXXXXXXXXXXXXXXXXXXXXXXXXXXXXXXSSGYCPEPPPFPHEAEKRTYFYVVGQTVYYKCKPGYTATVSGPTYSVCVKTNGSTSWTTPQLTCTK,0.0011552438390222278,2.728994153522408e-10,-2.9373263389190036,2.0626736610809964,865.61811993421,False
59,SLCSGGPPVIPNATGTAARYLPGTRLLCRCAPGYRRVRGGHLFELCTGEDGNCTWSHTCACEPAXXXXXXXXXXXXXXXXXXXXXXXXXXXXXXXXXXXAAGYCPAPPPWPHEAEERTYFYVVGQTVTYACNAGYTAIVSGPTTSTCVSTSGKTSWTTPQITCVK,0.0011606343559744038,2.3838097172211123e-10,-2.9353045780164746,2.0646954219835254,861.5977933553895,False
60,NWCSGSPPTIPNATGYSERYLPGTLLLCNCAPGYRPVRGGSLFMLCTCEDGNCTWSSSCSCEPKXXXXXXXXXXXXXXXXXXXXXXXXXXXXXXXXXXXSPGYCEEPPPYPHPAPERTYFYPVGQKVYYSCLPGYTAHVSGPTYSVCVSSSGKTSWTTPQLTCTP,0.001163303681604038,1.2301766102642937e-10,-2.9343068974566404,2.0656931025433596,859.620764391578,False
61,NWCSGGPPTIPNATGTSEKYKPGTLLLCDCAPGYRPAPGGSLFELCTCSDGNCTWSHTCECVPAXXXXXXXXXXXXXXXXXXXXXXXXXXXXXXXXXXXSPGYCEAPPEWPHPAPERTYLYPVGQTVTYSCNPGYTESVSGPTTSVCTSTSGSTSWTTPQITCTA,0.0011637731220244393,4.353670284545514e-10,-2.934131677294925,2.065868322705075,859.2740123267772,False
62,NLCKDGPPTIPNATGYSRRYLPGTLLLCNCAPGYRPKRGGNLFMLCDGSSGNCTWSSTCECEPAXXXXXXXXXXXXXXXXXXXXXXXXXXXXXXXXXXXSSGYCEEPPPWPHEAAERTYFYPVGQTVYYSCLPGYTATVNGPTYSVCVSSDGTTSWTTPQITCTA,0.001168821117087433,2.4474245849426025e-10,-2.9322519506058446,2.0677480493941554,855.5629132470538,False
63,NLCKDGPPTIPNATGTAPRYLPGTLLLCDCAPGYRPARGGVLFELCTGEDGNPTWSHTCSCVPAXXXXXXXXXXXXXXXXXXXXXXXXXXXXXXXXXXXAPGYCPAPPPYPNPAPTRTYFYPVGQTVTYSCLPGYTETKSGPTTSVCVQTDGETSWTTPQITCTK,0.0011694295972432683,1.575831150562208e-10,-2.9320259187450417,2.0679740812549583,855.1177448880464,False
64,NLCSGSPPVVPNATGTAPRYLPGTLLLCKCAPGYRRKRGGSLFMLCDGSSGNPTWTHTCECEPKXXXXXXXXXXXXXXXXXXXXXXXXXXXXXXXXXXXSSGYCEAPPPFPHEAPERTYLYPVGQTVTYSCLPGYTASVSGPTTSVCLSTSGSTSWTTPQITCTR,0.0011714095989837523,2.0772158341300515e-10,-2.9312912215163607,2.0687087784836393,853.6723626539705,False
65,DWCSGSPPVIPNATGTASRYLPGTLLLCDCAPGYRRARGGSLFMLCTGENGNCTWSASCSCEPAXXXXXXXXXXXXXXXXXXXXXXXXXXXXXXXXXXXSPGYCEEPPPFEHEAPERTYFFPVGQVVTYSCKPGYTPLVSGPTTSTCVRTEGTTSWTTPQITCVK,0.00119775178357574,2.985120952889568e-10,-2.921633173760132,2.078366826239868,834.8975252740793,False
66,NWCSSGPPTIPNATGTSSRYLPGTLLLCDCAPGYRRAPGGHLFELCDCSDGNCHWSHTCECVPAXXXXXXXXXXXXXXXXXXXXXXXXXXXXXXXXXXXSPGYCPAPPPWAHEAPTRTYFYPVGQTVTYSCTSGYTASVSGPTTSVCVSTSGTTSWTTPSLTCTA,0.0012491498281193177,1.0515215933405244e-10,-2.903385467452169,2.096614532547831,800.5444803251263,False
67,SWCADGPPVIPNATGYSRRYLPGTLLLCDCAPGYRPVRGGVLFELCTGEDGNCRWSHRCACEPAXXXXXXXXXXXXXXXXXXXXXXXXXXXXXXXXXXXGPGYCPEPPPFPHEAKERTYFYPVGQVVYYSCKPGYTPIVNGPTYSECVESDGTTSWTTPQLTCVK,0.0012514833466832568,1.866967593257208e-10,-2.9025749251142376,2.0974250748857624,799.051783349934,False
68,DWCSDGPPVIPNATGTAPRYLPGTLLLCDCAPGYRRKRGGHLFMLCTGEDGHCTWSHTCECEPKXXXXXXXXXXXXXXXXXXXXXXXXXXXXXXXXXXXSPGYCPEPPPYPHEAPERTWFYPVGQVVHYSCLPGYTALVNGPTYSVCVRSSGTTSWTTPQLTCVK,0.0012553235069421337,2.694114210704105e-10,-2.9012443385856264,2.0987556614143736,796.6074039638746,False
69,NWCSGSPPVIPNATCTSKRYLPGTLLLCDCAPGYRPKRGGHLFMLCVGDDGNCTWSHTCECEPKXXXXXXXXXXXXXXXXXXXXXXXXXXXXXXXXXXXSPGYCPEPPKFPHEAPKRTYIYPVGQVCYYSCLPGYTETVSGPTSSTCVSNDGTTSWTTPQLTCTK,0.0012569126939266147,2.960313128631744e-10,-2.9006948876781893,2.0993051123218107,795.6002074225096,False
70,NFCSSGPPTIPNATGYARRYLPGTLLLCDCAPGYRPAPGGVLFELCTGEDGNCTWSHSCSCVPKXXXXXXXXXXXXXXXXXXXXXXXXXXXXXXXXXXXSPGFCPEPPPWPHPAPERTYFFPVGQKVYYSCNPGYTETVSGPTYSVCVSTEGTTSWTTPQITCTK,0.0012569321094095742,2.3098055281577932e-10,-2.900688179199526,2.099311820800474,795.5879180059579,False
71,NLCAGGPPTIPNATGTSPRYLPGTLLLCNCAPGYRRVRGGHLFELCDCSDGNCTWSHTCSCEPKXXXXXXXXXXXXXXXXXXXXXXXXXXXXXXXXXXXSPGYCPEPPPYPHEAPERTYIYPVGQKVYYSCLPGYTATVSGPTYSVCEATAGTTSWTTPQITCTA,0.0012627239441513468,2.1629427711805252e-10,-2.898691584231602,2.101308415768398,791.9387326357237,False
72,NFCSSSPPTIPNATGTSERYLPGTLLLCDCAPGYRPAPGGHLFELCTCSNGNCTWSHTCECVPAXXXXXXXXXXXXXXXXXXXXXXXXXXXXXXXXXXXSPGYCPAPPPFAHEAPTRTYFYPVGQVVTYSCTSGYTATVSGPTTSTCVSTDGTTSWTTPQITCTA,0.0012698482335793064,1.6310175319627694e-10,-2.896248180821679,2.103751819178321,787.4956814180161,False
73,NLCSSGPPTIPNATGTAERYLPGTLLLCDCAPGYRRARGGVLFMRCVCEDGNCRWSHTCSCEPAXXXXXXXXXXXXXXXXXXXXXXXXXXXXXXXXXXXAPGYCPAPPPYPHEAEKRTYIYPVGQTVTYSCVSGYTATVSGPTTSVCVSTSGKTSWTTPSLTCTK,0.0012720332048416604,1.7756953525677546e-10,-2.8955015518233855,2.1044984481766145,786.1430001935189,False
74,SLCSEGPPVIPNATGTAPRYLPGTLLLCDCAPGYRPARGGSLFMLCDCSDGSCHWSRTCACEPAXXXXXXXXXXXXXXXXXXXXXXXXXXXXXXXXXXXSPGYCPAPPPFPHEAATRTYLFPVGQVVYYSCNPGYTALVSGPTYSVCVETEGTTSWTTPQLTCVA,0.0012741392790465906,1.798733540111055e-10,-2.8947830956935947,2.1052169043064053,784.8435539545388,False
75,NLCSSSPPTIPNATGTAKRYLPGTLLLCNCAPGYRPKRGGNLFMECVCSGGNCTWSHTCACVPKXXXXXXXXXXXXXXXXXXXXXXXXXXXXXXXXXXXSPGYCEAPPPYPNEAPERIYFYPVGQTVYYSCNSGYTATVSGPTYSVCVKNNGTTSWTTPSITCTK,0.0012857781297899095,3.170048323927679e-10,-2.8908339655649913,2.1091660344350087,777.7391579707423,False
76,NWCSSGPPTVPNATGTSKRYLPGTRLLCTCAPGYRPAPGGSLYMLCTCEDGNCTWSHSCSCVPAXXXXXXXXXXXXXXXXXXXXXXXXXXXXXXXXXXXSPGYCPEPPKYPNEAKERIYFYPVGQKVYYSCKPGYTATVSGPTYSVCKEKEGTTYWTTPQITCTK,0.0012918593897296774,3.287811083488527e-10,-2.88878475382368,2.11121524617632,774.0780521084813,False
77,NLCSSGPPTIPNATGTAPRYKPGTLLLCLCAPGYRPARGGSLFELCTGSDGNPTWSHTCSCVPAXXXXXXXXXXXXXXXXXXXXXXXXXXXXXXXXXXXAPGYCAAPPPYPHEAPTRVYLYPVGQTVTYSCLPGYTASVSGPTTSVCVQSSGTTSWTTPQITCTA,0.001294104893186708,2.907806992798833e-10,-2.888030520664286,2.111969479335714,772.7348882342292,False
78,NWCSGGPPTVPNATWTAPRFLPGTLLLCDCAPGYRRARGGSLFELCTGEDGNPTWSATCSCVPKXXXXXXXXXXXXXXXXXXXXXXXXXXXXXXXXXXXSPGYCPEPPEYPHPAPERTYFFPVGQVVYYSCLPGYTATVSGPTYSTCVSSSGSTSWTTPQLTCTA,0.0012962104663228377,1.8501123889186282e-10,-2.8873244761339842,2.1126755238660158,771.4796524030977,False
79,NLCSGGPPTIPNATGTSPRYLPGTLLLCDCAPGYRRAPGGVLFMLCTGEDGNPTWSHTCACVPAXXXXXXXXXXXXXXXXXXXXXXXXXXXXXXXXXXXSSGYCEAPPPFPHEAAERTYFYPVGQTVTYSCNPGYTAIVNGPTTSVCQSGSGTTYWTTPQITCVK,0.001319220163982416,3.1317699157872e-10,-2.8796827192196846,2.1203172807803154,758.0235864355155,False
80,NWCSGGPPVIPNATCTSPRYKPGTLLLCDCAPGYRPVRGGSLFMECVCSDGNCTWSHTCACEPAXXXXXXXXXXXXXXXXXXXXXXXXXXXXXXXXXXXAPGYCPEPPPYPHEAPERTYFYPVGQTCYYSCLPGYTAHVNGPTYSVCVSSDGTTSWTTPQITCTP,0.001353021619340548,2.5026357936599976e-10,-2.8686952639454004,2.1313047360545996,739.0864903455068,False
81,NWCSSGPPTVPNATGTSERYLPGTLLLCRCAPGYRPVRGGHLFMRCTGEDGNCRWSHTCACEPAXXXXXXXXXXXXXXXXXXXXXXXXXXXXXXXXXXXAPGYCPRPPPWPHEAEERIYLYPVGQVVTYSCLPGYTETVSGPTTSVCQRNSGTTYWTTPQITCTA,0.0013864425385879254,3.705061388554813e-10,-2.8580981251422433,2.1419018748577567,721.2704256885306,False
82,NLCSSGPPVIPNATGYSERYLPGTLLLCLCAPGYRPARGGSLFMLCDGSSGNCSWSATCACEPAXXXXXXXXXXXXXXXXXXXXXXXXXXXXXXXXXXXGPGYCPEPPPFPHEAEERVYFYPVGQKVYYSCLPGYTAIVNGPTYSECLSTDGTTSWTTPQITCVK,0.0014072036949265643,1.7582482712164779e-10,-2.8516430332122558,2.1483569667877442,710.6291744438502,False
83,SWCSSSPPVIPNATWYAKRYLPGTRLLCRCAPGYRPAPGGHLFMLCDGSDGNCTWTHTCSCVPAXXXXXXXXXXXXXXXXXXXXXXXXXXXXXXXXXXXGPGYCPEPPPYPHEAPERVYFFPVGQVVYYSCLPGYTETVNGPTYSVCVESDGTTSWTTPQITCTP,0.0014105851964999383,3.322246562095871e-10,-2.850600678205953,2.149399321794047,708.9256306398815,False
84,NWCSSGPPTIPNATGTASRYLPGTLLLCNCAPGYRPARGGSLFMLCSCSDGNCTWTHTCACEPAXXXXXXXXXXXXXXXXXXXXXXXXXXXXXXXXXXXSPGYCPEPPPYPHPAPERTYFYVVGQTVTYSCNSGYTATVSGPTTSVCQSSSGTTYWTTPQLTCTK,0.0014193643736671387,1.9415605021628843e-10,-2.8479060998496637,2.1520939001503363,704.5407215740885,False
85,DWCADGPPTIPNATWTAERFLPGTLLLCTCAPGYRRAPGGSLFELCTGEDGNCTWSHTCSCVPAXXXXXXXXXXXXXXXXXXXXXXXXXXXXXXXXXXXAPGYCPEPPPWPHEAPERVYIFPVGQVLHYRCLPGYTEHVSGPTYSVCLRGPGTTYWTTPQITCTA,0.0014460957738247546,2.826313158021535e-10,-2.8398029430952914,2.1601970569047086,691.5171305390905,False
86,DLCSEGPPVIPHATGTSPRYLPGTLLLCNCAPGYRPAPGGHLFMECVGSDGNCTWSHTCECVPKXXXXXXXXXXXXXXXXXXXXXXXXXXXXXXXXXXXAPGYCPEPPPYPHEAPERTYFYPVGQTVYYSCLPGYTALVSGPTYSVCERTDGKTSWTTPQITCVP,0.0014613581020963288,2.2807709255257976e-10,-2.8352433482630133,2.1647566517369867,684.2949709352504,False
87,SVCSSGPPVIPNATGTSPRYLPGTLLLCDCAPGYTPAPGGSLFELCDCSDGNCTWSHTCSCVPKXXXXXXXXXXXXXXXXXXXXXXXXXXXXXXXXXXXGPGYCPEPPPWPHEAPERTYIYPVGQVVTYSCLPGYTAHVSGPTTSTCVADAGTTSWTTPQLTCTA,0.001489155578043708,3.1181811478479226e-10,-2.827059927394712,2.172940072605288,671.5215083931607,False
88,NWCSSGPPTIPNATGTSSRYLPGTLLLCNCAPGYRPKRGGNLFMLCEGSDGNCYWSNTCSCEPKXXXXXXXXXXXXXXXXXXXXXXXXXXXXXXXXXXXSPGYCPEPPPYENEAPERIYFYPVGQVVTYSCLPGYTASVSGPTSSVCVSTEGKTSWTTPQLTCTP,0.0014935026930649798,2.2224637387394796e-10,-2.8257939899448843,2.1742060100551157,669.5669212003836,False
89,NWCSGSPPVVPNATWTSKRYLPGTLLLCLCAPGYRPAPGGNLFMLCTGEDGNCTWSATCSCVPKXXXXXXXXXXXXXXXXXXXXXXXXXXXXXXXXXXXSPGYCEEPPPYPHEAPERVYFYPVGQTVYYSCLPGYTALVSGPTYSVCESSSGTTSWTTPQITCVK,0.0015122789532770605,2.1585121395416476e-10,-2.8203680919731395,2.1796319080268605,661.2536647640515,False
90,NWCSGGPPTIPNATGTSDRYLPGTRLLCRCAPGYRAVRGGHLFELCDCSGGNCTWTHTCACEPAXXXXXXXXXXXXXXXXXXXXXXXXXXXXXXXXXXXSPGYCAAPPPWPHEAPERTYFYPVGQVVTYSCLPGYTAVVSGPTTSTCVSSDGTTSWTTPQLTCTA,0.0015645295337869294,2.7000610363711494e-10,-2.805616234218248,2.194383765781752,639.1697813332479,False
91,DWCKDGPPTIPNATGYSKRYLPGTRLLCNCAPGYRRAPGGSLFMLCDGSDGNCTWSNTCSCVPAXXXXXXXXXXXXXXXXXXXXXXXXXXXXXXXXXXXSPGYCPEPPPFEHEAEKRTYFYPVGQVVYYSCLPGYTAHVSGPTYSVCVKTDGTTSWTTPQITCTK,0.001592293555028354,4.508230328210684e-10,-2.7979768627439094,2.2020231372560906,628.0248995809023,False
92,NWCSSSPPTIPNATGTSEKYLPGTRLLCNCAPGYRAAPGGSLFELCDCSSGNCTWSSSCSCVPAXXXXXXXXXXXXXXXXXXXXXXXXXXXXXXXXXXXSSGYCEAPPPFPHEAPTRTYFYPVGQTVTYSCNSGYTAIVSGPTTSVCQRSSGTTYWTTPSITCVK,0.001619293788201849,3.5126411997163245e-10,-2.7906743501225737,2.2093256498774263,617.5531625489984,False
93,DWCSGSPPTIPNATGTAKRYLPGTLLLCLCQPGYRPVPGGHLFMLCDGSDGNCTWTHTCACEPAXXXXXXXXXXXXXXXXXXXXXXXXXXXXXXXXXXXAPGYCPEPPPYPHEAPERQYIYPVGQVVYYSCLPGYTASVSGPTYSVCVRTDGTTSWTTPQITCTA,0.001680573397566554,2.652542919023968e-10,-2.7745425153503813,2.2254574846496187,595.0350049857897,False
94,NWCSSGPPTIANATGTSPRYLPGTLLLCDCAPGYRPARGGHLFELCDCSSGNCTWSHTCECVPAXXXXXXXXXXXXXXXXXXXXXXXXXXXXXXXXXXXSPGYCPEPPPFPHEAEKRTYLYPVGQTVTYSCNSGYTATVSGPTTSVCVSSDGTTSWTTPQITCTA,0.001681783180164199,1.592671431906856e-10,-2.7742299952966714,2.2257700047033286,594.6069694325081,False
95,NWCSGGPPTIPNATGTSPRYLPGTRLLCNCAPGYRRKRGGSLFMLCDGSGGNCTWTKTCSCEPAXXXXXXXXXXXXXXXXXXXXXXXXXXXXXXXXXXXSPGYCPEPPPFPHEAPERTYFYPVGQVVYYSCNSGYTATVSGPTSSTCVSSSGTTSWTTPQITCTA,0.0016863828292887834,1.6740362221471558e-10,-2.7730438284214705,2.2269561715785295,592.9851648345714,False
96,NWCSGGPPVIPNATCTAPRFLPGTRLLCDCAPGYRPVRGGHLFMLCDCSDGNCTWTHSCACEPAXXXXXXXXXXXXXXXXXXXXXXXXXXXXXXXXXXXSPGYCPEPPPYPHPAPERTYFFPVGQTVYYSCLPGYTALVSGPTYSVCLSSSGTTYWTTPQLTCVP,0.0017449392251350508,4.981187488002233e-10,-2.7582196945776523,2.2417803054223477,573.0858620148242,False
97,NWCSDGPPTIPNATGTAPRYLPGTRLLCDCAPGYRPERGGSLFMLCVGDDGNCYWSKSCSCVPKXXXXXXXXXXXXXXXXXXXXXXXXXXXXXXXXXXXAPGYCPEPPPFEHEAPERTYFYPVGQVVTYSCLPGYTAQVSGPTTSTCVSTDGKTSWTTPQITCTA,0.0017682189226803486,2.038169661989552e-10,-2.752463966118153,2.247536033881847,565.5408316093311,False
98,NLCSDGPPVVPNATGYAERYLPGTLLLCLCAPGYRPAPGGHLFMLCTGEDGNCTWSHRCECVPAXXXXXXXXXXXXXXXXXXXXXXXXXXXXXXXXXXXGPGYCPEPPPYPHEAPERVYLYVVGQTVYYRCLPGYTAVVSGPTYSVCVSGPGTTYWTTPQITCVR,0.0017762346343828024,2.0559222900379973e-10,-2.7504996659858665,2.2495003340141335,562.9886844017515,False
99,SWCSSSPPTIPNATCTSPRYLPGTRLLCNCAPGYRPAPGGSLFMLCTGSDGNCTWSATCSCVPKXXXXXXXXXXXXXXXXXXXXXXXXXXXXXXXXXXXAPGYCPAPPPYAHPAPTRTYFYPVGQVCYYSCLPGYTAIVSGSTSSTCQSSSGTTYWTTPSITCVP,0.0018074013293824674,3.726781110073779e-10,-2.742945402622312,2.257054597377688,553.2805491194746,False
100,PLCADGPPVIPHATGTAERFLPGTLLLCNCAPGYRPAPGGSLFMLCTGEDGNCTWSHTCSCVPKXXXXXXXXXXXXXXXXXXXXXXXXXXXXXXXXXXXSPGYCPRPPPWPHEAPERTWLFPVGQTVTYSCLPGYTALVSGPTTSVCVRTDGATYWTTPQITCVP,0.0018861620038254482,2.7785659126713086e-10,-2.7244210081279427,2.2755789918720573,530.1771523187482,False
